categoria,date,numero_casos
10 a 15 anos,Jan 1 2009,428
10 a 15 anos,Feb 1 2009,428
10 a 15 anos,Mar 1 2009,428
10 a 15 anos,Apr 1 2009,428
10 a 15 anos,May 1 2009,428
10 a 15 anos,Jun 1 2009,428
10 a 15 anos,Jul 1 2009,428
10 a 15 anos,Aug 1 2009,428
10 a 15 anos,Sep 1 2009,428
10 a 15 anos,Oct 1 2009,428
10 a 15 anos,Nov 1 2009,428
10 a 15 anos,Dec 1 2009,428
10 a 15 anos,Jan 1 2010,370
10 a 15 anos,Feb 1 2010,370
10 a 15 anos,Mar 1 2010,370
10 a 15 anos,Apr 1 2010,370
10 a 15 anos,May 1 2010,370
10 a 15 anos,Jun 1 2010,370
10 a 15 anos,Jul 1 2010,370
10 a 15 anos,Aug 1 2010,370
10 a 15 anos,Sep 1 2010,370
10 a 15 anos,Oct 1 2010,370
10 a 15 anos,Nov 1 2010,370
10 a 15 anos,Dec 1 2010,370
10 a 15 anos,Jan 1 2011,350
10 a 15 anos,Feb 1 2011,350
10 a 15 anos,Mar 1 2011,350
10 a 15 anos,Apr 1 2011,350
10 a 15 anos,May 1 2011,350
10 a 15 anos,Jun 1 2011,350
10 a 15 anos,Jul 1 2011,350
10 a 15 anos,Aug 1 2011,350
10 a 15 anos,Sep 1 2011,350
10 a 15 anos,Oct 1 2011,350
10 a 15 anos,Nov 1 2011,350
10 a 15 anos,Dec 1 2011,350
10 a 15 anos,Jan 1 2012,421
10 a 15 anos,Feb 1 2012,421
10 a 15 anos,Mar 1 2012,421
10 a 15 anos,Apr 1 2012,421
10 a 15 anos,May 1 2012,421
10 a 15 anos,Jun 1 2012,421
10 a 15 anos,Jul 1 2012,421
10 a 15 anos,Aug 1 2012,421
10 a 15 anos,Sep 1 2012,421
10 a 15 anos,Oct 1 2012,421
10 a 15 anos,Nov 1 2012,421
10 a 15 anos,Dec 1 2012,421
10 a 15 anos,Jan 1 2013,411
10 a 15 anos,Feb 1 2013,411
10 a 15 anos,Mar 1 2013,411
10 a 15 anos,Apr 1 2013,411
10 a 15 anos,May 1 2013,411
10 a 15 anos,Jun 1 2013,411
10 a 15 anos,Jul 1 2013,411
10 a 15 anos,Aug 1 2013,411
10 a 15 anos,Sep 1 2013,411
10 a 15 anos,Oct 1 2013,411
10 a 15 anos,Nov 1 2013,411
10 a 15 anos,Dec 1 2013,411
10 a 15 anos,Jan 1 2014,496
10 a 15 anos,Feb 1 2014,496
10 a 15 anos,Mar 1 2014,496
10 a 15 anos,Apr 1 2014,496
10 a 15 anos,May 1 2014,496
10 a 15 anos,Jun 1 2014,496
10 a 15 anos,Jul 1 2014,496
10 a 15 anos,Aug 1 2014,496
10 a 15 anos,Sep 1 2014,496
10 a 15 anos,Oct 1 2014,496
10 a 15 anos,Nov 1 2014,496
10 a 15 anos,Dec 1 2014,496
10 a 15 anos,Jan 1 2015,396
10 a 15 anos,Feb 1 2015,396
10 a 15 anos,Mar 1 2015,396
10 a 15 anos,Apr 1 2015,396
10 a 15 anos,May 1 2015,396
10 a 15 anos,Jun 1 2015,396
10 a 15 anos,Jul 1 2015,396
10 a 15 anos,Aug 1 2015,396
10 a 15 anos,Sep 1 2015,396
10 a 15 anos,Oct 1 2015,396
10 a 15 anos,Nov 1 2015,396
10 a 15 anos,Dec 1 2015,396
10 a 15 anos,Jan 1 2016,251
10 a 15 anos,Feb 1 2016,251
10 a 15 anos,Mar 1 2016,251
10 a 15 anos,Apr 1 2016,251
10 a 15 anos,May 1 2016,251
10 a 15 anos,Jun 1 2016,251
10 a 15 anos,Jul 1 2016,251
10 a 15 anos,Aug 1 2016,251
10 a 15 anos,Sep 1 2016,251
10 a 15 anos,Oct 1 2016,251
10 a 15 anos,Nov 1 2016,251
10 a 15 anos,Dec 1 2016,251
10 a 15 anos,Jan 1 2017,186
10 a 15 anos,Feb 1 2017,186
10 a 15 anos,Mar 1 2017,186
10 a 15 anos,Apr 1 2017,186
10 a 15 anos,May 1 2017,186
10 a 15 anos,Jun 1 2017,186
10 a 15 anos,Jul 1 2017,186
10 a 15 anos,Aug 1 2017,186
10 a 15 anos,Sep 1 2017,186
10 a 15 anos,Oct 1 2017,186
10 a 15 anos,Nov 1 2017,186
10 a 15 anos,Dec 1 2017,186
16 a 20 anos,Jan 1 2009,3200
16 a 20 anos,Feb 1 2009,3200
16 a 20 anos,Mar 1 2009,3200
16 a 20 anos,Apr 1 2009,3200
16 a 20 anos,May 1 2009,3200
16 a 20 anos,Jun 1 2009,3200
16 a 20 anos,Jul 1 2009,3200
16 a 20 anos,Aug 1 2009,3200
16 a 20 anos,Sep 1 2009,3200
16 a 20 anos,Oct 1 2009,3200
16 a 20 anos,Nov 1 2009,3200
16 a 20 anos,Dec 1 2009,3200
16 a 20 anos,Jan 1 2010,3000
16 a 20 anos,Feb 1 2010,3000
16 a 20 anos,Mar 1 2010,3000
16 a 20 anos,Apr 1 2010,3000
16 a 20 anos,May 1 2010,3000
16 a 20 anos,Jun 1 2010,3000
16 a 20 anos,Jul 1 2010,3000
16 a 20 anos,Aug 1 2010,3000
16 a 20 anos,Sep 1 2010,3000
16 a 20 anos,Oct 1 2010,3000
16 a 20 anos,Nov 1 2010,3000
16 a 20 anos,Dec 1 2010,3000
16 a 20 anos,Jan 1 2011,2446
16 a 20 anos,Feb 1 2011,2446
16 a 20 anos,Mar 1 2011,2446
16 a 20 anos,Apr 1 2011,2446
16 a 20 anos,May 1 2011,2446
16 a 20 anos,Jun 1 2011,2446
16 a 20 anos,Jul 1 2011,2446
16 a 20 anos,Aug 1 2011,2446
16 a 20 anos,Sep 1 2011,2446
16 a 20 anos,Oct 1 2011,2446
16 a 20 anos,Nov 1 2011,2446
16 a 20 anos,Dec 1 2011,2446
16 a 20 anos,Jan 1 2012,2792
16 a 20 anos,Feb 1 2012,2792
16 a 20 anos,Mar 1 2012,2792
16 a 20 anos,Apr 1 2012,2792
16 a 20 anos,May 1 2012,2792
16 a 20 anos,Jun 1 2012,2792
16 a 20 anos,Jul 1 2012,2792
16 a 20 anos,Aug 1 2012,2792
16 a 20 anos,Sep 1 2012,2792
16 a 20 anos,Oct 1 2012,2792
16 a 20 anos,Nov 1 2012,2792
16 a 20 anos,Dec 1 2012,2792
16 a 20 anos,Jan 1 2013,3027
16 a 20 anos,Feb 1 2013,3027
16 a 20 anos,Mar 1 2013,3027
16 a 20 anos,Apr 1 2013,3027
16 a 20 anos,May 1 2013,3027
16 a 20 anos,Jun 1 2013,3027
16 a 20 anos,Jul 1 2013,3027
16 a 20 anos,Aug 1 2013,3027
16 a 20 anos,Sep 1 2013,3027
16 a 20 anos,Oct 1 2013,3027
16 a 20 anos,Nov 1 2013,3027
16 a 20 anos,Dec 1 2013,3027
16 a 20 anos,Jan 1 2014,3840
16 a 20 anos,Feb 1 2014,3840
16 a 20 anos,Mar 1 2014,3840
16 a 20 anos,Apr 1 2014,3840
16 a 20 anos,May 1 2014,3840
16 a 20 anos,Jun 1 2014,3840
16 a 20 anos,Jul 1 2014,3840
16 a 20 anos,Aug 1 2014,3840
16 a 20 anos,Sep 1 2014,3840
16 a 20 anos,Oct 1 2014,3840
16 a 20 anos,Nov 1 2014,3840
16 a 20 anos,Dec 1 2014,3840
16 a 20 anos,Jan 1 2015,2579
16 a 20 anos,Feb 1 2015,2579
16 a 20 anos,Mar 1 2015,2579
16 a 20 anos,Apr 1 2015,2579
16 a 20 anos,May 1 2015,2579
16 a 20 anos,Jun 1 2015,2579
16 a 20 anos,Jul 1 2015,2579
16 a 20 anos,Aug 1 2015,2579
16 a 20 anos,Sep 1 2015,2579
16 a 20 anos,Oct 1 2015,2579
16 a 20 anos,Nov 1 2015,2579
16 a 20 anos,Dec 1 2015,2579
16 a 20 anos,Jan 1 2016,1846
16 a 20 anos,Feb 1 2016,1846
16 a 20 anos,Mar 1 2016,1846
16 a 20 anos,Apr 1 2016,1846
16 a 20 anos,May 1 2016,1846
16 a 20 anos,Jun 1 2016,1846
16 a 20 anos,Jul 1 2016,1846
16 a 20 anos,Aug 1 2016,1846
16 a 20 anos,Sep 1 2016,1846
16 a 20 anos,Oct 1 2016,1846
16 a 20 anos,Nov 1 2016,1846
16 a 20 anos,Dec 1 2016,1846
16 a 20 anos,Jan 1 2017,1286
16 a 20 anos,Feb 1 2017,1286
16 a 20 anos,Mar 1 2017,1286
16 a 20 anos,Apr 1 2017,1286
16 a 20 anos,May 1 2017,1286
16 a 20 anos,Jun 1 2017,1286
16 a 20 anos,Jul 1 2017,1286
16 a 20 anos,Aug 1 2017,1286
16 a 20 anos,Sep 1 2017,1286
16 a 20 anos,Oct 1 2017,1286
16 a 20 anos,Nov 1 2017,1286
16 a 20 anos,Dec 1 2017,1286
26 a 30 anos,Jan 1 2009,4237
26 a 30 anos,Feb 1 2009,4237
26 a 30 anos,Mar 1 2009,4237
26 a 30 anos,Apr 1 2009,4237
26 a 30 anos,May 1 2009,4237
26 a 30 anos,Jun 1 2009,4237
26 a 30 anos,Jul 1 2009,4237
26 a 30 anos,Aug 1 2009,4237
26 a 30 anos,Sep 1 2009,4237
26 a 30 anos,Oct 1 2009,4237
26 a 30 anos,Nov 1 2009,4237
26 a 30 anos,Dec 1 2009,4237
26 a 30 anos,Jan 1 2010,3331
26 a 30 anos,Feb 1 2010,3331
26 a 30 anos,Mar 1 2010,3331
26 a 30 anos,Apr 1 2010,3331
26 a 30 anos,May 1 2010,3331
26 a 30 anos,Jun 1 2010,3331
26 a 30 anos,Jul 1 2010,3331
26 a 30 anos,Aug 1 2010,3331
26 a 30 anos,Sep 1 2010,3331
26 a 30 anos,Oct 1 2010,3331
26 a 30 anos,Nov 1 2010,3331
26 a 30 anos,Dec 1 2010,3331
26 a 30 anos,Jan 1 2011,3178
26 a 30 anos,Feb 1 2011,3178
26 a 30 anos,Mar 1 2011,3178
26 a 30 anos,Apr 1 2011,3178
26 a 30 anos,May 1 2011,3178
26 a 30 anos,Jun 1 2011,3178
26 a 30 anos,Jul 1 2011,3178
26 a 30 anos,Aug 1 2011,3178
26 a 30 anos,Sep 1 2011,3178
26 a 30 anos,Oct 1 2011,3178
26 a 30 anos,Nov 1 2011,3178
26 a 30 anos,Dec 1 2011,3178
26 a 30 anos,Jan 1 2012,3330
26 a 30 anos,Feb 1 2012,3330
26 a 30 anos,Mar 1 2012,3330
26 a 30 anos,Apr 1 2012,3330
26 a 30 anos,May 1 2012,3330
26 a 30 anos,Jun 1 2012,3330
26 a 30 anos,Jul 1 2012,3330
26 a 30 anos,Aug 1 2012,3330
26 a 30 anos,Sep 1 2012,3330
26 a 30 anos,Oct 1 2012,3330
26 a 30 anos,Nov 1 2012,3330
26 a 30 anos,Dec 1 2012,3330
26 a 30 anos,Jan 1 2013,3401
26 a 30 anos,Feb 1 2013,3401
26 a 30 anos,Mar 1 2013,3401
26 a 30 anos,Apr 1 2013,3401
26 a 30 anos,May 1 2013,3401
26 a 30 anos,Jun 1 2013,3401
26 a 30 anos,Jul 1 2013,3401
26 a 30 anos,Aug 1 2013,3401
26 a 30 anos,Sep 1 2013,3401
26 a 30 anos,Oct 1 2013,3401
26 a 30 anos,Nov 1 2013,3401
26 a 30 anos,Dec 1 2013,3401
26 a 30 anos,Jan 1 2014,4376
26 a 30 anos,Feb 1 2014,4376
26 a 30 anos,Mar 1 2014,4376
26 a 30 anos,Apr 1 2014,4376
26 a 30 anos,May 1 2014,4376
26 a 30 anos,Jun 1 2014,4376
26 a 30 anos,Jul 1 2014,4376
26 a 30 anos,Aug 1 2014,4376
26 a 30 anos,Sep 1 2014,4376
26 a 30 anos,Oct 1 2014,4376
26 a 30 anos,Nov 1 2014,4376
26 a 30 anos,Dec 1 2014,4376
26 a 30 anos,Jan 1 2015,3142
26 a 30 anos,Feb 1 2015,3142
26 a 30 anos,Mar 1 2015,3142
26 a 30 anos,Apr 1 2015,3142
26 a 30 anos,May 1 2015,3142
26 a 30 anos,Jun 1 2015,3142
26 a 30 anos,Jul 1 2015,3142
26 a 30 anos,Aug 1 2015,3142
26 a 30 anos,Sep 1 2015,3142
26 a 30 anos,Oct 1 2015,3142
26 a 30 anos,Nov 1 2015,3142
26 a 30 anos,Dec 1 2015,3142
26 a 30 anos,Jan 1 2016,2287
26 a 30 anos,Feb 1 2016,2287
26 a 30 anos,Mar 1 2016,2287
26 a 30 anos,Apr 1 2016,2287
26 a 30 anos,May 1 2016,2287
26 a 30 anos,Jun 1 2016,2287
26 a 30 anos,Jul 1 2016,2287
26 a 30 anos,Aug 1 2016,2287
26 a 30 anos,Sep 1 2016,2287
26 a 30 anos,Oct 1 2016,2287
26 a 30 anos,Nov 1 2016,2287
26 a 30 anos,Dec 1 2016,2287
26 a 30 anos,Jan 1 2017,1810
26 a 30 anos,Feb 1 2017,1810
26 a 30 anos,Mar 1 2017,1810
26 a 30 anos,Apr 1 2017,1810
26 a 30 anos,May 1 2017,1810
26 a 30 anos,Jun 1 2017,1810
26 a 30 anos,Jul 1 2017,1810
26 a 30 anos,Aug 1 2017,1810
26 a 30 anos,Sep 1 2017,1810
26 a 30 anos,Oct 1 2017,1810
26 a 30 anos,Nov 1 2017,1810
26 a 30 anos,Dec 1 2017,1810
31 a 35 anos,Jan 1 2009,2840
31 a 35 anos,Feb 1 2009,2840
31 a 35 anos,Mar 1 2009,2840
31 a 35 anos,Apr 1 2009,2840
31 a 35 anos,May 1 2009,2840
31 a 35 anos,Jun 1 2009,2840
31 a 35 anos,Jul 1 2009,2840
31 a 35 anos,Aug 1 2009,2840
31 a 35 anos,Sep 1 2009,2840
31 a 35 anos,Oct 1 2009,2840
31 a 35 anos,Nov 1 2009,2840
31 a 35 anos,Dec 1 2009,2840
31 a 35 anos,Jan 1 2010,2406
31 a 35 anos,Feb 1 2010,2406
31 a 35 anos,Mar 1 2010,2406
31 a 35 anos,Apr 1 2010,2406
31 a 35 anos,May 1 2010,2406
31 a 35 anos,Jun 1 2010,2406
31 a 35 anos,Jul 1 2010,2406
31 a 35 anos,Aug 1 2010,2406
31 a 35 anos,Sep 1 2010,2406
31 a 35 anos,Oct 1 2010,2406
31 a 35 anos,Nov 1 2010,2406
31 a 35 anos,Dec 1 2010,2406
31 a 35 anos,Jan 1 2011,2213
31 a 35 anos,Feb 1 2011,2213
31 a 35 anos,Mar 1 2011,2213
31 a 35 anos,Apr 1 2011,2213
31 a 35 anos,May 1 2011,2213
31 a 35 anos,Jun 1 2011,2213
31 a 35 anos,Jul 1 2011,2213
31 a 35 anos,Aug 1 2011,2213
31 a 35 anos,Sep 1 2011,2213
31 a 35 anos,Oct 1 2011,2213
31 a 35 anos,Nov 1 2011,2213
31 a 35 anos,Dec 1 2011,2213
31 a 35 anos,Jan 1 2012,2412
31 a 35 anos,Feb 1 2012,2412
31 a 35 anos,Mar 1 2012,2412
31 a 35 anos,Apr 1 2012,2412
31 a 35 anos,May 1 2012,2412
31 a 35 anos,Jun 1 2012,2412
31 a 35 anos,Jul 1 2012,2412
31 a 35 anos,Aug 1 2012,2412
31 a 35 anos,Sep 1 2012,2412
31 a 35 anos,Oct 1 2012,2412
31 a 35 anos,Nov 1 2012,2412
31 a 35 anos,Dec 1 2012,2412
31 a 35 anos,Jan 1 2013,2699
31 a 35 anos,Feb 1 2013,2699
31 a 35 anos,Mar 1 2013,2699
31 a 35 anos,Apr 1 2013,2699
31 a 35 anos,May 1 2013,2699
31 a 35 anos,Jun 1 2013,2699
31 a 35 anos,Jul 1 2013,2699
31 a 35 anos,Aug 1 2013,2699
31 a 35 anos,Sep 1 2013,2699
31 a 35 anos,Oct 1 2013,2699
31 a 35 anos,Nov 1 2013,2699
31 a 35 anos,Dec 1 2013,2699
31 a 35 anos,Jan 1 2014,3464
31 a 35 anos,Feb 1 2014,3464
31 a 35 anos,Mar 1 2014,3464
31 a 35 anos,Apr 1 2014,3464
31 a 35 anos,May 1 2014,3464
31 a 35 anos,Jun 1 2014,3464
31 a 35 anos,Jul 1 2014,3464
31 a 35 anos,Aug 1 2014,3464
31 a 35 anos,Sep 1 2014,3464
31 a 35 anos,Oct 1 2014,3464
31 a 35 anos,Nov 1 2014,3464
31 a 35 anos,Dec 1 2014,3464
31 a 35 anos,Jan 1 2015,2535
31 a 35 anos,Feb 1 2015,2535
31 a 35 anos,Mar 1 2015,2535
31 a 35 anos,Apr 1 2015,2535
31 a 35 anos,May 1 2015,2535
31 a 35 anos,Jun 1 2015,2535
31 a 35 anos,Jul 1 2015,2535
31 a 35 anos,Aug 1 2015,2535
31 a 35 anos,Sep 1 2015,2535
31 a 35 anos,Oct 1 2015,2535
31 a 35 anos,Nov 1 2015,2535
31 a 35 anos,Dec 1 2015,2535
31 a 35 anos,Jan 1 2016,1633
31 a 35 anos,Feb 1 2016,1633
31 a 35 anos,Mar 1 2016,1633
31 a 35 anos,Apr 1 2016,1633
31 a 35 anos,May 1 2016,1633
31 a 35 anos,Jun 1 2016,1633
31 a 35 anos,Jul 1 2016,1633
31 a 35 anos,Aug 1 2016,1633
31 a 35 anos,Sep 1 2016,1633
31 a 35 anos,Oct 1 2016,1633
31 a 35 anos,Nov 1 2016,1633
31 a 35 anos,Dec 1 2016,1633
31 a 35 anos,Jan 1 2017,1321
31 a 35 anos,Feb 1 2017,1321
31 a 35 anos,Mar 1 2017,1321
31 a 35 anos,Apr 1 2017,1321
31 a 35 anos,May 1 2017,1321
31 a 35 anos,Jun 1 2017,1321
31 a 35 anos,Jul 1 2017,1321
31 a 35 anos,Aug 1 2017,1321
31 a 35 anos,Sep 1 2017,1321
31 a 35 anos,Oct 1 2017,1321
31 a 35 anos,Nov 1 2017,1321
31 a 35 anos,Dec 1 2017,1321
21 a 25 anos,Jan 1 2009,4476
21 a 25 anos,Feb 1 2009,4476
21 a 25 anos,Mar 1 2009,4476
21 a 25 anos,Apr 1 2009,4476
21 a 25 anos,May 1 2009,4476
21 a 25 anos,Jun 1 2009,4476
21 a 25 anos,Jul 1 2009,4476
21 a 25 anos,Aug 1 2009,4476
21 a 25 anos,Sep 1 2009,4476
21 a 25 anos,Oct 1 2009,4476
21 a 25 anos,Nov 1 2009,4476
21 a 25 anos,Dec 1 2009,4476
21 a 25 anos,Jan 1 2010,4066
21 a 25 anos,Feb 1 2010,4066
21 a 25 anos,Mar 1 2010,4066
21 a 25 anos,Apr 1 2010,4066
21 a 25 anos,May 1 2010,4066
21 a 25 anos,Jun 1 2010,4066
21 a 25 anos,Jul 1 2010,4066
21 a 25 anos,Aug 1 2010,4066
21 a 25 anos,Sep 1 2010,4066
21 a 25 anos,Oct 1 2010,4066
21 a 25 anos,Nov 1 2010,4066
21 a 25 anos,Dec 1 2010,4066
21 a 25 anos,Jan 1 2011,3400
21 a 25 anos,Feb 1 2011,3400
21 a 25 anos,Mar 1 2011,3400
21 a 25 anos,Apr 1 2011,3400
21 a 25 anos,May 1 2011,3400
21 a 25 anos,Jun 1 2011,3400
21 a 25 anos,Jul 1 2011,3400
21 a 25 anos,Aug 1 2011,3400
21 a 25 anos,Sep 1 2011,3400
21 a 25 anos,Oct 1 2011,3400
21 a 25 anos,Nov 1 2011,3400
21 a 25 anos,Dec 1 2011,3400
21 a 25 anos,Jan 1 2012,3861
21 a 25 anos,Feb 1 2012,3861
21 a 25 anos,Mar 1 2012,3861
21 a 25 anos,Apr 1 2012,3861
21 a 25 anos,May 1 2012,3861
21 a 25 anos,Jun 1 2012,3861
21 a 25 anos,Jul 1 2012,3861
21 a 25 anos,Aug 1 2012,3861
21 a 25 anos,Sep 1 2012,3861
21 a 25 anos,Oct 1 2012,3861
21 a 25 anos,Nov 1 2012,3861
21 a 25 anos,Dec 1 2012,3861
21 a 25 anos,Jan 1 2013,4128
21 a 25 anos,Feb 1 2013,4128
21 a 25 anos,Mar 1 2013,4128
21 a 25 anos,Apr 1 2013,4128
21 a 25 anos,May 1 2013,4128
21 a 25 anos,Jun 1 2013,4128
21 a 25 anos,Jul 1 2013,4128
21 a 25 anos,Aug 1 2013,4128
21 a 25 anos,Sep 1 2013,4128
21 a 25 anos,Oct 1 2013,4128
21 a 25 anos,Nov 1 2013,4128
21 a 25 anos,Dec 1 2013,4128
21 a 25 anos,Jan 1 2014,5161
21 a 25 anos,Feb 1 2014,5161
21 a 25 anos,Mar 1 2014,5161
21 a 25 anos,Apr 1 2014,5161
21 a 25 anos,May 1 2014,5161
21 a 25 anos,Jun 1 2014,5161
21 a 25 anos,Jul 1 2014,5161
21 a 25 anos,Aug 1 2014,5161
21 a 25 anos,Sep 1 2014,5161
21 a 25 anos,Oct 1 2014,5161
21 a 25 anos,Nov 1 2014,5161
21 a 25 anos,Dec 1 2014,5161
21 a 25 anos,Jan 1 2015,3872
21 a 25 anos,Feb 1 2015,3872
21 a 25 anos,Mar 1 2015,3872
21 a 25 anos,Apr 1 2015,3872
21 a 25 anos,May 1 2015,3872
21 a 25 anos,Jun 1 2015,3872
21 a 25 anos,Jul 1 2015,3872
21 a 25 anos,Aug 1 2015,3872
21 a 25 anos,Sep 1 2015,3872
21 a 25 anos,Oct 1 2015,3872
21 a 25 anos,Nov 1 2015,3872
21 a 25 anos,Dec 1 2015,3872
21 a 25 anos,Jan 1 2016,2619
21 a 25 anos,Feb 1 2016,2619
21 a 25 anos,Mar 1 2016,2619
21 a 25 anos,Apr 1 2016,2619
21 a 25 anos,May 1 2016,2619
21 a 25 anos,Jun 1 2016,2619
21 a 25 anos,Jul 1 2016,2619
21 a 25 anos,Aug 1 2016,2619
21 a 25 anos,Sep 1 2016,2619
21 a 25 anos,Oct 1 2016,2619
21 a 25 anos,Nov 1 2016,2619
21 a 25 anos,Dec 1 2007,4400
21 a 25 anos,Jan 1 2017,2009
21 a 25 anos,Feb 1 2017,2009
21 a 25 anos,Mar 1 2017,2009
21 a 25 anos,Apr 1 2017,2009
21 a 25 anos,May 1 2017,2009
21 a 25 anos,Jun 1 2017,2009
21 a 25 anos,Jul 1 2017,2009
21 a 25 anos,Aug 1 2017,2009
21 a 25 anos,Sep 1 2017,2009
21 a 25 anos,Oct 1 2017,2009
21 a 25 anos,Nov 1 2017,2009
21 a 25 anos,Dec 1 2017,2009
36 a 40 anos,Jan 1 2009,1897
36 a 40 anos,Feb 1 2009,1897
36 a 40 anos,Mar 1 2009,1897
36 a 40 anos,Apr 1 2009,1897
36 a 40 anos,May 1 2009,1897
36 a 40 anos,Jun 1 2009,1897
36 a 40 anos,Jul 1 2009,1897
36 a 40 anos,Aug 1 2009,1897
36 a 40 anos,Sep 1 2009,1897
36 a 40 anos,Oct 1 2009,1897
36 a 40 anos,Nov 1 2009,1897
36 a 40 anos,Dec 1 2009,1897
36 a 40 anos,Jan 1 2010,1432
36 a 40 anos,Feb 1 2010,1432
36 a 40 anos,Mar 1 2010,1432
36 a 40 anos,Apr 1 2010,1432
36 a 40 anos,May 1 2010,1432
36 a 40 anos,Jun 1 2010,1432
36 a 40 anos,Jul 1 2010,1432
36 a 40 anos,Aug 1 2010,1432
36 a 40 anos,Sep 1 2010,1432
36 a 40 anos,Oct 1 2010,1432
36 a 40 anos,Nov 1 2010,1432
36 a 40 anos,Dec 1 2010,1432
36 a 40 anos,Jan 1 2011,1379
36 a 40 anos,Feb 1 2011,1379
36 a 40 anos,Mar 1 2011,1379
36 a 40 anos,Apr 1 2011,1379
36 a 40 anos,May 1 2011,1379
36 a 40 anos,Jun 1 2011,1379
36 a 40 anos,Jul 1 2011,1379
36 a 40 anos,Aug 1 2011,1379
36 a 40 anos,Sep 1 2011,1379
36 a 40 anos,Oct 1 2011,1379
36 a 40 anos,Nov 1 2011,1379
36 a 40 anos,Dec 1 2011,1379
36 a 40 anos,Jan 1 2012,1481
36 a 40 anos,Feb 1 2012,1481
36 a 40 anos,Mar 1 2012,1481
36 a 40 anos,Apr 1 2012,1481
36 a 40 anos,May 1 2012,1481
36 a 40 anos,Jun 1 2012,1481
36 a 40 anos,Jul 1 2012,1481
36 a 40 anos,Aug 1 2012,1481
36 a 40 anos,Sep 1 2012,1481
36 a 40 anos,Oct 1 2012,1481
36 a 40 anos,Nov 1 2012,1481
36 a 40 anos,Dec 1 2012,1481
36 a 40 anos,Jan 1 2013,1636
36 a 40 anos,Feb 1 2013,1636
36 a 40 anos,Mar 1 2013,1636
36 a 40 anos,Apr 1 2013,1636
36 a 40 anos,May 1 2013,1636
36 a 40 anos,Jun 1 2013,1636
36 a 40 anos,Jul 1 2013,1636
36 a 40 anos,Aug 1 2013,1636
36 a 40 anos,Sep 1 2013,1636
36 a 40 anos,Oct 1 2013,1636
36 a 40 anos,Nov 1 2013,1636
36 a 40 anos,Dec 1 2013,1636
36 a 40 anos,Jan 1 2014,2029
36 a 40 anos,Feb 1 2014,2029
36 a 40 anos,Mar 1 2014,2029
36 a 40 anos,Apr 1 2014,2029
36 a 40 anos,May 1 2014,2029
36 a 40 anos,Jun 1 2014,2029
36 a 40 anos,Jul 1 2014,2029
36 a 40 anos,Aug 1 2014,2029
36 a 40 anos,Sep 1 2014,2029
36 a 40 anos,Oct 1 2014,2029
36 a 40 anos,Nov 1 2014,2029
36 a 40 anos,Dec 1 2014,2029
36 a 40 anos,Jan 1 2015,1569
36 a 40 anos,Feb 1 2015,1569
36 a 40 anos,Mar 1 2015,1569
36 a 40 anos,Apr 1 2015,1569
36 a 40 anos,May 1 2015,1569
36 a 40 anos,Jun 1 2015,1569
36 a 40 anos,Jul 1 2015,1569
36 a 40 anos,Aug 1 2015,1569
36 a 40 anos,Sep 1 2015,1569
36 a 40 anos,Oct 1 2015,1569
36 a 40 anos,Nov 1 2015,1569
36 a 40 anos,Dec 1 2015,1569
36 a 40 anos,Jan 1 2016,1072
36 a 40 anos,Feb 1 2016,1072
36 a 40 anos,Mar 1 2016,1072
36 a 40 anos,Apr 1 2016,1072
36 a 40 anos,May 1 2016,1072
36 a 40 anos,Jun 1 2016,1072
36 a 40 anos,Jul 1 2016,1072
36 a 40 anos,Aug 1 2016,1072
36 a 40 anos,Sep 1 2016,1072
36 a 40 anos,Oct 1 2016,1072
36 a 40 anos,Nov 1 2016,1072
36 a 40 anos,Dec 1 2016,1072
36 a 40 anos,Jan 1 2017,857
36 a 40 anos,Feb 1 2017,857
36 a 40 anos,Mar 1 2017,857
36 a 40 anos,Apr 1 2017,857
36 a 40 anos,May 1 2017,857
36 a 40 anos,Jun 1 2017,857
36 a 40 anos,Jul 1 2017,857
36 a 40 anos,Aug 1 2017,857
36 a 40 anos,Sep 1 2017,857
36 a 40 anos,Oct 1 2017,857
36 a 40 anos,Nov 1 2017,857
36 a 40 anos,Dec 1 2017,857
41 a 45 anos,Jan 1 2009,823
41 a 45 anos,Feb 1 2009,823
41 a 45 anos,Mar 1 2009,823
41 a 45 anos,Apr 1 2009,823
41 a 45 anos,May 1 2009,823
41 a 45 anos,Jun 1 2009,823
41 a 45 anos,Jul 1 2009,823
41 a 45 anos,Aug 1 2009,823
41 a 45 anos,Sep 1 2009,823
41 a 45 anos,Oct 1 2009,823
41 a 45 anos,Nov 1 2009,823
41 a 45 anos,Dec 1 2009,823
41 a 45 anos,Jan 1 2010,706
41 a 45 anos,Feb 1 2010,706
41 a 45 anos,Mar 1 2010,706
41 a 45 anos,Apr 1 2010,706
41 a 45 anos,May 1 2010,706
41 a 45 anos,Jun 1 2010,706
41 a 45 anos,Jul 1 2010,706
41 a 45 anos,Aug 1 2010,706
41 a 45 anos,Sep 1 2010,706
41 a 45 anos,Oct 1 2010,706
41 a 45 anos,Nov 1 2010,706
41 a 45 anos,Dec 1 2010,706
41 a 45 anos,Jan 1 2011,640
41 a 45 anos,Feb 1 2011,640
41 a 45 anos,Mar 1 2011,640
41 a 45 anos,Apr 1 2011,640
41 a 45 anos,May 1 2011,640
41 a 45 anos,Jun 1 2011,640
41 a 45 anos,Jul 1 2011,640
41 a 45 anos,Aug 1 2011,640
41 a 45 anos,Sep 1 2011,640
41 a 45 anos,Oct 1 2011,640
41 a 45 anos,Nov 1 2011,640
41 a 45 anos,Dec 1 2011,640
41 a 45 anos,Jan 1 2012,688
41 a 45 anos,Feb 1 2012,688
41 a 45 anos,Mar 1 2012,688
41 a 45 anos,Apr 1 2012,688
41 a 45 anos,May 1 2012,688
41 a 45 anos,Jun 1 2012,688
41 a 45 anos,Jul 1 2012,688
41 a 45 anos,Aug 1 2012,688
41 a 45 anos,Sep 1 2012,688
41 a 45 anos,Oct 1 2012,688
41 a 45 anos,Nov 1 2012,688
41 a 45 anos,Dec 1 2012,688
41 a 45 anos,Jan 1 2013,753
41 a 45 anos,Feb 1 2013,753
41 a 45 anos,Mar 1 2013,753
41 a 45 anos,Apr 1 2013,753
41 a 45 anos,May 1 2013,753
41 a 45 anos,Jun 1 2013,753
41 a 45 anos,Jul 1 2013,753
41 a 45 anos,Aug 1 2013,753
41 a 45 anos,Sep 1 2013,753
41 a 45 anos,Oct 1 2013,753
41 a 45 anos,Nov 1 2013,753
41 a 45 anos,Dec 1 2013,753
41 a 45 anos,Jan 1 2014,826
41 a 45 anos,Feb 1 2014,826
41 a 45 anos,Mar 1 2014,826
41 a 45 anos,Apr 1 2014,826
41 a 45 anos,May 1 2014,826
41 a 45 anos,Jun 1 2014,826
41 a 45 anos,Jul 1 2014,826
41 a 45 anos,Aug 1 2014,826
41 a 45 anos,Sep 1 2014,826
41 a 45 anos,Oct 1 2014,826
41 a 45 anos,Nov 1 2014,826
41 a 45 anos,Dec 1 2014,826
41 a 45 anos,Jan 1 2015,632
41 a 45 anos,Feb 1 2015,632
41 a 45 anos,Mar 1 2015,632
41 a 45 anos,Apr 1 2015,632
41 a 45 anos,May 1 2015,632
41 a 45 anos,Jun 1 2015,632
41 a 45 anos,Jul 1 2015,632
41 a 45 anos,Aug 1 2015,632
41 a 45 anos,Sep 1 2015,632
41 a 45 anos,Oct 1 2015,632
41 a 45 anos,Nov 1 2015,632
41 a 45 anos,Dec 1 2015,632
41 a 45 anos,Jan 1 2016,397
41 a 45 anos,Feb 1 2016,397
41 a 45 anos,Mar 1 2016,397
41 a 45 anos,Apr 1 2016,397
41 a 45 anos,May 1 2016,397
41 a 45 anos,Jun 1 2016,397
41 a 45 anos,Jul 1 2016,397
41 a 45 anos,Aug 1 2016,397
41 a 45 anos,Sep 1 2016,397
41 a 45 anos,Oct 1 2016,397
41 a 45 anos,Nov 1 2016,397
41 a 45 anos,Dec 1 2016,397
41 a 45 anos,Jan 1 2017,322
41 a 45 anos,Feb 1 2017,322
41 a 45 anos,Mar 1 2017,322
41 a 45 anos,Apr 1 2017,322
41 a 45 anos,May 1 2017,322
41 a 45 anos,Jun 1 2017,322
41 a 45 anos,Jul 1 2017,322
41 a 45 anos,Aug 1 2017,322
41 a 45 anos,Sep 1 2017,322
41 a 45 anos,Oct 1 2017,322
41 a 45 anos,Nov 1 2017,322
41 a 45 anos,Dec 1 2017,322
46 a 50 anos,Jan 1 2009,137
46 a 50 anos,Feb 1 2009,137
46 a 50 anos,Mar 1 2009,137
46 a 50 anos,Apr 1 2009,137
46 a 50 anos,May 1 2009,137
46 a 50 anos,Jun 1 2009,137
46 a 50 anos,Jul 1 2009,137
46 a 50 anos,Aug 1 2009,137
46 a 50 anos,Sep 1 2009,137
46 a 50 anos,Oct 1 2009,137
46 a 50 anos,Nov 1 2009,137
46 a 50 anos,Dec 1 2009,137
46 a 50 anos,Jan 1 2010,6
46 a 50 anos,Feb 1 2010,6
46 a 50 anos,Mar 1 2010,6
46 a 50 anos,Apr 1 2010,6
46 a 50 anos,May 1 2010,6
46 a 50 anos,Jun 1 2010,6
46 a 50 anos,Jul 1 2010,6
46 a 50 anos,Aug 1 2010,6
46 a 50 anos,Sep 1 2010,6
46 a 50 anos,Oct 1 2010,6
46 a 50 anos,Nov 1 2010,6
46 a 50 anos,Dec 1 2010,6
46 a 50 anos,Jan 1 2011,4
46 a 50 anos,Feb 1 2011,4
46 a 50 anos,Mar 1 2011,4
46 a 50 anos,Apr 1 2011,4
46 a 50 anos,May 1 2011,4
46 a 50 anos,Jun 1 2011,4
46 a 50 anos,Jul 1 2011,4
46 a 50 anos,Aug 1 2011,4
46 a 50 anos,Sep 1 2011,4
46 a 50 anos,Oct 1 2011,4
46 a 50 anos,Nov 1 2011,4
46 a 50 anos,Dec 1 2011,4
46 a 50 anos,Jan 1 2012,3
46 a 50 anos,Feb 1 2012,3
46 a 50 anos,Mar 1 2012,3
46 a 50 anos,Apr 1 2012,3
46 a 50 anos,May 1 2012,3
46 a 50 anos,Jun 1 2012,3
46 a 50 anos,Jul 1 2012,3
46 a 50 anos,Aug 1 2012,3
46 a 50 anos,Sep 1 2012,3
46 a 50 anos,Oct 1 2012,3
46 a 50 anos,Nov 1 2012,3
46 a 50 anos,Dec 1 2012,3
46 a 50 anos,Jan 1 2013,3
46 a 50 anos,Feb 1 2013,3
46 a 50 anos,Mar 1 2013,3
46 a 50 anos,Apr 1 2013,3
46 a 50 anos,May 1 2013,3
46 a 50 anos,Jun 1 2013,3
46 a 50 anos,Jul 1 2013,3
46 a 50 anos,Aug 1 2013,3
46 a 50 anos,Sep 1 2013,3
46 a 50 anos,Oct 1 2013,3
46 a 50 anos,Nov 1 2013,3
46 a 50 anos,Dec 1 2013,3
46 a 50 anos,Jan 1 2014,1
46 a 50 anos,Feb 1 2014,1
46 a 50 anos,Mar 1 2014,1
46 a 50 anos,Apr 1 2014,1
46 a 50 anos,May 1 2014,1
46 a 50 anos,Jun 1 2014,1
46 a 50 anos,Jul 1 2014,1
46 a 50 anos,Aug 1 2014,1
46 a 50 anos,Sep 1 2014,1
46 a 50 anos,Oct 1 2014,1
46 a 50 anos,Nov 1 2014,1
46 a 50 anos,Dec 1 2014,1
46 a 50 anos,Jan 1 2015,3
46 a 50 anos,Feb 1 2015,3
46 a 50 anos,Mar 1 2015,3
46 a 50 anos,Apr 1 2015,3
46 a 50 anos,May 1 2015,3
46 a 50 anos,Jun 1 2015,3
46 a 50 anos,Jul 1 2015,3
46 a 50 anos,Aug 1 2015,3
46 a 50 anos,Sep 1 2015,3
46 a 50 anos,Oct 1 2015,3
46 a 50 anos,Nov 1 2015,3
46 a 50 anos,Dec 1 2015,3
46 a 50 anos,Jan 1 2016,0
46 a 50 anos,Feb 1 2016,0
46 a 50 anos,Mar 1 2016,0
46 a 50 anos,Apr 1 2016,0
46 a 50 anos,May 1 2016,0
46 a 50 anos,Jun 1 2016,0
46 a 50 anos,Jul 1 2016,0
46 a 50 anos,Aug 1 2016,0
46 a 50 anos,Sep 1 2016,0
46 a 50 anos,Oct 1 2016,0
46 a 50 anos,Nov 1 2016,0
46 a 50 anos,Dec 1 2016,0
46 a 50 anos,Jan 1 2017,2
46 a 50 anos,Feb 1 2017,2
46 a 50 anos,Mar 1 2017,2
46 a 50 anos,Apr 1 2017,2
46 a 50 anos,May 1 2017,2
46 a 50 anos,Jun 1 2017,2
46 a 50 anos,Jul 1 2017,2
46 a 50 anos,Aug 1 2017,2
46 a 50 anos,Sep 1 2017,2
46 a 50 anos,Oct 1 2017,2
46 a 50 anos,Nov 1 2017,2
46 a 50 anos,Dec 1 2017,2
mas de 50 anos,Jan 1 2009,50
mas de 50 anos,Feb 1 2009,50
mas de 50 anos,Mar 1 2009,50
mas de 50 anos,Apr 1 2009,50
mas de 50 anos,May 1 2009,50
mas de 50 anos,Jun 1 2009,50
mas de 50 anos,Jul 1 2009,50
mas de 50 anos,Aug 1 2009,50
mas de 50 anos,Sep 1 2009,50
mas de 50 anos,Oct 1 2009,50
mas de 50 anos,Nov 1 2009,50
mas de 50 anos,Dec 1 2009,50
mas de 50 anos,Jan 1 2010,0
mas de 50 anos,Feb 1 2010,0
mas de 50 anos,Mar 1 2010,0
mas de 50 anos,Apr 1 2010,0
mas de 50 anos,May 1 2010,0
mas de 50 anos,Jun 1 2010,0
mas de 50 anos,Jul 1 2010,0
mas de 50 anos,Aug 1 2010,0
mas de 50 anos,Sep 1 2010,0
mas de 50 anos,Oct 1 2010,0
mas de 50 anos,Nov 1 2010,0
mas de 50 anos,Dec 1 2010,0
mas de 50 anos,Jan 1 2011,0
mas de 50 anos,Feb 1 2011,0
mas de 50 anos,Mar 1 2011,0
mas de 50 anos,Apr 1 2011,0
mas de 50 anos,May 1 2011,0
mas de 50 anos,Jun 1 2011,0
mas de 50 anos,Jul 1 2011,0
mas de 50 anos,Aug 1 2011,0
mas de 50 anos,Sep 1 2011,0
mas de 50 anos,Oct 1 2011,0
mas de 50 anos,Nov 1 2011,0
mas de 50 anos,Dec 1 2011,0
mas de 50 anos,Jan 1 2012,0
mas de 50 anos,Feb 1 2012,0
mas de 50 anos,Mar 1 2012,0
mas de 50 anos,Apr 1 2012,0
mas de 50 anos,May 1 2012,0
mas de 50 anos,Jun 1 2012,0
mas de 50 anos,Jul 1 2012,0
mas de 50 anos,Aug 1 2012,0
mas de 50 anos,Sep 1 2012,0
mas de 50 anos,Oct 1 2012,0
mas de 50 anos,Nov 1 2012,0
mas de 50 anos,Dec 1 2012,0
mas de 50 anos,Jan 1 2013,0
mas de 50 anos,Feb 1 2013,0
mas de 50 anos,Mar 1 2013,0
mas de 50 anos,Apr 1 2013,0
mas de 50 anos,May 1 2013,0
mas de 50 anos,Jun 1 2013,0
mas de 50 anos,Jul 1 2013,0
mas de 50 anos,Aug 1 2013,0
mas de 50 anos,Sep 1 2013,0
mas de 50 anos,Oct 1 2013,0
mas de 50 anos,Nov 1 2013,0
mas de 50 anos,Dec 1 2013,0
mas de 50 anos,Jan 1 2014,0
mas de 50 anos,Feb 1 2014,0
mas de 50 anos,Mar 1 2014,0
mas de 50 anos,Apr 1 2014,0
mas de 50 anos,May 1 2014,0
mas de 50 anos,Jun 1 2014,0
mas de 50 anos,Jul 1 2014,0
mas de 50 anos,Aug 1 2014,0
mas de 50 anos,Sep 1 2014,0
mas de 50 anos,Oct 1 2014,0
mas de 50 anos,Nov 1 2014,0
mas de 50 anos,Dec 1 2014,0
mas de 50 anos,Jan 1 2015,0
mas de 50 anos,Feb 1 2015,0
mas de 50 anos,Mar 1 2015,0
mas de 50 anos,Apr 1 2015,0
mas de 50 anos,May 1 2015,0
mas de 50 anos,Jun 1 2015,0
mas de 50 anos,Jul 1 2015,0
mas de 50 anos,Aug 1 2015,0
mas de 50 anos,Sep 1 2015,0
mas de 50 anos,Oct 1 2015,0
mas de 50 anos,Nov 1 2015,0
mas de 50 anos,Dec 1 2015,0
mas de 50 anos,Jan 1 2016,0
mas de 50 anos,Feb 1 2016,0
mas de 50 anos,Mar 1 2016,0
mas de 50 anos,Apr 1 2016,0
mas de 50 anos,May 1 2016,0
mas de 50 anos,Jun 1 2016,0
mas de 50 anos,Jul 1 2016,0
mas de 50 anos,Aug 1 2016,0
mas de 50 anos,Sep 1 2016,0
mas de 50 anos,Oct 1 2016,0
mas de 50 anos,Nov 1 2016,0
mas de 50 anos,Dec 1 2016,0
mas de 50 anos,Jan 1 2017,0
mas de 50 anos,Feb 1 2017,0
mas de 50 anos,Mar 1 2017,0
mas de 50 anos,Apr 1 2017,0
mas de 50 anos,May 1 2017,0
mas de 50 anos,Jun 1 2017,0
mas de 50 anos,Jul 1 2017,0
mas de 50 anos,Aug 1 2017,0
mas de 50 anos,Sep 1 2017,0
mas de 50 anos,Oct 1 2017,0
mas de 50 anos,Nov 1 2017,0
mas de 50 anos,Dec 1 2017,0